{"name":"eeed1d36-c7b0-4dc0-bd54-44423bc25c3c","id":"/providers/Microsoft.Flow/flows/eeed1d36-c7b0-4dc0-bd54-44423bc25c3c","type":"Microsoft.Flow/flows","properties":{"apiId":"/providers/Microsoft.PowerApps/apis/shared_logicflows","displayName":"MessageCenter - Get New MC","definition":{"metadata":{"workflowEntityId":null,"processAdvisorMetadata":null,"flowclientsuspensionreason":"None","flowclientsuspensiontime":null,"creator":{"id":"ed889b11-bf41-4604-b6b0-e1ba28973f7e","type":"User","tenantId":"671740f0-0ce9-4b51-bae5-4096de8b66d3"},"provisioningMethod":"FromDefinition","failureAlertSubscription":true,"clientLastModifiedTime":"2021-06-16T15:00:21.7678914Z"},"$schema":"https://schema.management.azure.com/providers/Microsoft.Logic/schemas/2016-06-01/workflowdefinition.json#","contentVersion":"1.0.0.0","parameters":{"$connections":{"defaultValue":{},"type":"Object"},"$authentication":{"defaultValue":{},"type":"SecureObject"}},"triggers":{"Recurrence":{"recurrence":{"frequency":"Hour","interval":2,"startTime":"2020-07-02T08:00:00.000Z"},"type":"Recurrence"}},"actions":{"HTTP":{"runAfter":{"AppSecret":["Succeeded"]},"type":"Http","inputs":{"method":"GET","uri":"https://manage.office.com/api/v1.0/@{outputs('TenantID')}/ServiceComms/Messages?$filter=MessageType%20eq%20'MessageCenter'%20and%20StartTime%20ge%20@{body('Get_past_time')}&$select=Id,Title,AffectedWorkloadDisplayNames,LastUpdatedTime,Messages,StartTime","authentication":{"type":"ActiveDirectoryOAuth","tenant":"@{outputs('TenantID')}","audience":"https://manage.office.com","clientId":"@{outputs('ClientID')}","secret":"@{outputs('AppSecret')}"},"retryPolicy":{"type":"fixed","count":4,"interval":"PT30S"}}},"Get_past_time":{"runAfter":{},"type":"Expression","kind":"GetPastTime","inputs":{"interval":365,"timeUnit":"Day"}},"Parse_all_MC":{"runAfter":{"HTTP":["Succeeded"]},"type":"ParseJson","inputs":{"content":"@body('HTTP')","schema":{"type":"object","properties":{"@@odata.context":{"type":["string","null"]},"value":{"type":"array","items":{"type":"object","properties":{"Id":{"type":"string"},"Title":{"type":"string"},"AffectedWorkloadDisplayNames":{"type":"array","items":{"type":["string","null"]}},"LastUpdatedTime":{"type":["string","null"]},"Messages":{"type":["array","null"],"items":{"type":"object","properties":{"MessageText":{"type":["string","null"]},"PublishedTime":{"type":["string","null"]}},"required":[]}},"@@odata.type":{"type":["string","null"]},"StartTime":{"type":"string"}},"required":[]}}}}}},"ForEach":{"foreach":"@body('Parse_all_MC')?['value']","actions":{"If_New_Message":{"actions":{"Get_last_Message":{"runAfter":{},"type":"ParseJson","inputs":{"content":"@last(items('ForEach')?['Messages'])","schema":{"type":"object","properties":{"MessageText":{"type":"string"},"PublishedTime":{"type":"string"}}}}},"Get_Affected_Workload_Display_name":{"runAfter":{"Get_last_Message":["Succeeded"]},"type":"ParseJson","inputs":{"content":"@items('ForEach')?['AffectedWorkloadDisplayNames']","schema":{"type":"array","items":{"type":["string","null"]}}}},"Appliquer_à_chacun_2":{"foreach":"@body('Get_Affected_Workload_Display_name')","actions":{"Condition":{"actions":{"Create_item_With_Product_Name":{"runAfter":{},"metadata":{"flowSystemMetadata":{"swaggerOperationId":"PostItem"}},"type":"ApiConnection","inputs":{"host":{"connection":{"name":"@parameters('$connections')['shared_sharepointonline']['connectionId']"},"api":{"runtimeUrl":"https://flow-apim-europe-001-westeurope-01.azure-apim.net/apim/sharepointonline"}},"method":"post","body":{"Title":"@{items('ForEach')?['Id']} : @{items('ForEach')?['Title']}","AffectedWorkloadNames":"@{items('Appliquer_à_chacun_2')}","PublishedTime":"@body('Get_last_Message')?['PublishedTime']","MessageText":"@body('Get_last_Message')?['MessageText']"},"path":"/datasets/@{encodeURIComponent(encodeURIComponent(outputs('SharepointSiteURL')))}/tables/@{encodeURIComponent(encodeURIComponent(outputs('ListName')))}/items","authentication":"@parameters('$authentication')"}}},"runAfter":{},"else":{"actions":{"Create_item_Without_Product_Name":{"runAfter":{},"metadata":{"flowSystemMetadata":{"swaggerOperationId":"PostItem"}},"type":"ApiConnection","inputs":{"host":{"connection":{"name":"@parameters('$connections')['shared_sharepointonline']['connectionId']"},"api":{"runtimeUrl":"https://flow-apim-europe-001-westeurope-01.azure-apim.net/apim/sharepointonline"}},"method":"post","body":{"Title":"@{items('ForEach')?['Id']} : @{items('ForEach')?['Title']}","AffectedWorkloadNames":"@{null}","PublishedTime":"@body('Get_last_Message')?['PublishedTime']","MessageText":"@body('Get_last_Message')?['MessageText']"},"path":"/datasets/@{encodeURIComponent(encodeURIComponent(outputs('SharepointSiteURL')))}/tables/@{encodeURIComponent(encodeURIComponent(outputs('ListName')))}/items","authentication":"@parameters('$authentication')"}}}},"expression":{"greater":["@length(body('Get_Affected_Workload_Display_name'))",0]},"type":"If"}},"runAfter":{"Get_Affected_Workload_Display_name":["Succeeded"]},"type":"Foreach"}},"runAfter":{"Get_past__2hrs":["Succeeded"]},"else":{"actions":{"If_LastUpdate":{"actions":{"Search_Existing_MC":{"runAfter":{},"metadata":{"flowSystemMetadata":{"swaggerOperationId":"GetItems"}},"type":"ApiConnection","inputs":{"host":{"connection":{"name":"@parameters('$connections')['shared_sharepointonline']['connectionId']"},"api":{"runtimeUrl":"https://flow-apim-europe-001-westeurope-01.azure-apim.net/apim/sharepointonline"}},"method":"get","path":"/datasets/@{encodeURIComponent(encodeURIComponent(outputs('SharepointSiteURL')))}/tables/@{encodeURIComponent(encodeURIComponent(outputs('ListName')))}/items","queries":{"$filter":"substringof('@{items('ForEach')?['Id']}',Title)","$top":1},"authentication":"@parameters('$authentication')"}},"Appliquer_à_chacun":{"foreach":"@body('Search_Existing_MC')?['value']","actions":{"Update_MC":{"runAfter":{},"metadata":{"flowSystemMetadata":{"swaggerOperationId":"PatchItem"}},"type":"ApiConnection","inputs":{"host":{"connection":{"name":"@parameters('$connections')['shared_sharepointonline']['connectionId']"},"api":{"runtimeUrl":"https://flow-apim-europe-001-westeurope-01.azure-apim.net/apim/sharepointonline"}},"method":"patch","body":{"Title":"@items('Appliquer_à_chacun')?['Title']","AffectedWorkloadNames":"@items('Appliquer_à_chacun')?['AffectedWorkloadNames']","PublishedTime":"@items('Appliquer_à_chacun')?['PublishedTime']","MessageText":"@items('Appliquer_à_chacun')?['MessageText']","LastUpdate_x0020_Time":"@{items('ForEach')?['LastUpdatedTime']}","LastUpdate_x0020_Message":"@body('Get_last_Message_2')?['MessageText']","MessageID":"@items('Appliquer_à_chacun')?['MessageID']"},"path":"/datasets/@{encodeURIComponent(encodeURIComponent(outputs('SharepointSiteURL')))}/tables/@{encodeURIComponent(encodeURIComponent(outputs('ListName')))}/items/@{encodeURIComponent(items('Appliquer_à_chacun')?['ID'])}","authentication":"@parameters('$authentication')"}}},"runAfter":{"Get_last_Message_2":["Succeeded"]},"type":"Foreach"},"Get_last_Message_2":{"runAfter":{"Search_Existing_MC":["Succeeded"]},"type":"ParseJson","inputs":{"content":"@last(items('ForEach')?['Messages'])","schema":{"type":"object","properties":{"MessageText":{"type":"string"},"PublishedTime":{"type":"string"}}}}}},"runAfter":{},"expression":{"greaterOrEquals":["@items('ForEach')?['LastUpdatedTime']","@body('Get_past__2hrs')"]},"type":"If"}}},"expression":{"greaterOrEquals":["@items('ForEach')?['StartTime']","@body('Get_past__2hrs')"]},"type":"If"},"Get_past__2hrs":{"runAfter":{},"type":"Expression","kind":"GetPastTime","inputs":{"interval":2,"timeUnit":"Hour"}}},"runAfter":{"Parse_all_MC":["Succeeded"]},"type":"Foreach"},"SharepointSiteURL":{"runAfter":{"Get_past_time":["Succeeded"]},"type":"Compose","inputs":"https://microsofteur.sharepoint.com/teams/France-GroupeProduitTeams"},"ListName":{"runAfter":{"SharepointSiteURL":["Succeeded"]},"type":"Compose","inputs":"Message Center"},"TenantID":{"runAfter":{"ListName":["Succeeded"]},"type":"Compose","inputs":"671740f0-0ce9-4b51-bae5-4096de8b66d3"},"ClientID":{"runAfter":{"TenantID":["Succeeded"]},"type":"Compose","inputs":"2e715470-298c-4c1d-8201-e4b092b04ab8"},"AppSecret":{"runAfter":{"ClientID":["Succeeded"]},"type":"Compose","inputs":"TuV0~~XX.8ANJe5a7_4WZSYhmQ_7jH9-7p"}}},"connectionReferences":{"shared_sharepointonline":{"connectionName":"963d5d26be9846739ecc425a32d892c4","source":"Embedded","id":"/providers/Microsoft.PowerApps/apis/shared_sharepointonline","tier":"NotSpecified"}},"flowFailureAlertSubscribed":false}}