{
  "properties": {
    "connectionReferences": {
      "shared_sharepointonline_1": {
        "runtimeSource": "embedded",
        "connection": {
          "connectionReferenceLogicalName": "new_SPOConnector"
        },
        "api": {
          "name": "shared_sharepointonline"
        }
      }
    },
    "definition": {
      "$schema": "https://schema.management.azure.com/providers/Microsoft.Logic/schemas/2016-06-01/workflowdefinition.json#",
      "contentVersion": "1.0.0.0",
      "parameters": {
        "$connections": {
          "defaultValue": {},
          "type": "Object"
        },
        "$authentication": {
          "defaultValue": {},
          "type": "SecureObject"
        },
        "SPOSiteURL (new_SPOSiteURL)": {
          "defaultValue": "https://amvcc.sharepoint.com/sites/AMVCCIT",
          "type": "String",
          "metadata": {
            "schemaName": "new_SPOSiteURL"
          }
        },
        "SPOListName (new_SPOListName)": {
          "defaultValue": "MC in Teams ABC",
          "type": "String",
          "metadata": {
            "schemaName": "new_SPOListName"
          }
        },
        "TenantID (new_TenantID)": {
          "defaultValue": "671740f0-0ce9-4b51-bae5-4096de8b66d3",
          "type": "String",
          "metadata": {
            "schemaName": "new_TenantID"
          }
        },
        "AppClientID (new_AppClientID)": {
          "defaultValue": "2e715470-298c-4c1d-8201-e4b092b04ab8",
          "type": "String",
          "metadata": {
            "schemaName": "new_AppClientID"
          }
        },
        "AppSecret (new_AppSecret)": {
          "defaultValue": "TuV0~~XX.8ANJe5a7_4WZSYhmQ_7jH9-7p",
          "type": "String",
          "metadata": {
            "schemaName": "new_AppSecret"
          }
        }
      },
      "triggers": {
        "Recurrence": {
          "recurrence": {
            "frequency": "Hour",
            "interval": 2,
            "startTime": "2020-07-02T08:00:00Z"
          },
          "metadata": {
            "operationMetadataId": "322224fd-2c35-499e-a207-353073c6eed3"
          },
          "type": "Recurrence"
        }
      },
      "actions": {
        "HTTP": {
          "runAfter": {
            "Get_past_time": [
              "Succeeded"
            ]
          },
          "metadata": {
            "operationMetadataId": "8ab98f3b-8412-4b4e-a6f0-3a25fcc14beb"
          },
          "type": "Http",
          "inputs": {
            "method": "GET",
            "uri": "https://graph.microsoft.com/v1.0/admin/serviceAnnouncement/messages?$filter=lastModifiedDateTime%20ge%20@{body('Get_past_time')}&$select=Id,Title,services,lastModifiedDateTime,startDateTime,body",
            "authentication": {
              "type": "ActiveDirectoryOAuth",
              "tenant": "@parameters('TenantID (new_TenantID)')",
              "audience": "https://graph.microsoft.com",
              "clientId": "@parameters('AppClientID (new_AppClientID)')",
              "secret": "@parameters('AppSecret (new_AppSecret)')"
            },
            "retryPolicy": {
              "type": "fixed",
              "count": 4,
              "interval": "PT30S"
            }
          },
          "runtimeConfiguration": {
            "paginationPolicy": {
              "minimumItemCount": 500
            }
          }
        },
        "Get_past_time": {
          "runAfter": {},
          "metadata": {
            "operationMetadataId": "eccf38dd-6709-450b-b062-fd70ce183fff"
          },
          "type": "Expression",
          "kind": "GetPastTime",
          "inputs": {
            "interval": 1,
            "timeUnit": "Day"
          }
        },
        "Parse_all_MC": {
          "runAfter": {
            "HTTP": [
              "Succeeded"
            ]
          },
          "metadata": {
            "operationMetadataId": "6b69e8e5-e08b-4694-a1a1-3fc68d08a6f7"
          },
          "type": "ParseJson",
          "inputs": {
            "content": "@body('HTTP')",
            "schema": {
              "type": "object",
              "properties": {
                "@@odata.context": {
                  "type": "string"
                },
                "value": {
                  "type": "array",
                  "items": {
                    "type": "object",
                    "properties": {
                      "startDateTime": {
                        "type": "string"
                      },
                      "lastModifiedDateTime": {
                        "type": "string"
                      },
                      "title": {
                        "type": "string"
                      },
                      "id": {
                        "type": "string"
                      },
                      "services": {
                        "type": "array",
                        "items": {
                          "type": "string"
                        }
                      },
                      "body": {
                        "type": "object",
                        "properties": {
                          "contentType": {
                            "type": "string"
                          },
                          "content": {
                            "type": "string"
                          }
                        }
                      }
                    },
                    "required": [
                      "startDateTime",
                      "lastModifiedDateTime",
                      "title",
                      "id",
                      "services",
                      "body"
                    ]
                  }
                },
                "@@odata.nextLink": {
                  "type": "string"
                }
              }
            }
          }
        },
        "ForEach": {
          "foreach": "@body('Parse_all_MC')?['value']",
          "actions": {
            "If_New_Message": {
              "actions": {
                "Appliquer_à_chacun_2": {
                  "foreach": "@items('ForEach')?['services']",
                  "actions": {
                    "Create_item": {
                      "runAfter": {},
                      "metadata": {
                        "flowSystemMetadata": {
                          "swaggerOperationId": "PostItem"
                        },
                        "operationMetadataId": "84d10146-dd38-46c7-b608-2d25acb7f718"
                      },
                      "type": "ApiConnection",
                      "inputs": {
                        "host": {
                          "connection": {
                            "name": "@parameters('$connections')['shared_sharepointonline_1']['connectionId']"
                          }
                        },
                        "method": "post",
                        "body": {
                          "Title": "@{items('ForEach')?['id']} : @{items('ForEach')?['title']}",
                          "Product": "@{items('Appliquer_à_chacun_2')}",
                          "PublishedTime": "@{items('ForEach')?['startDateTime']}",
                          "MessageText": "@{items('ForEach')?['body']?['content']}"
                        },
                        "path": "/datasets/@{encodeURIComponent(encodeURIComponent(parameters('SPOSiteURL (new_SPOSiteURL)')))}/tables/@{encodeURIComponent(encodeURIComponent(parameters('SPOListName (new_SPOListName)')))}/items",
                        "authentication": "@parameters('$authentication')"
                      }
                    }
                  },
                  "runAfter": {},
                  "metadata": {
                    "operationMetadataId": "fa9f3777-555f-4cdf-8942-92d04399c352"
                  },
                  "type": "Foreach"
                }
              },
              "runAfter": {
                "Get_past__2hrs": [
                  "Succeeded"
                ]
              },
              "else": {
                "actions": {
                  "If_LastUpdate": {
                    "actions": {
                      "Apply_to_each_Product": {
                        "foreach": "@items('ForEach')?['services']",
                        "actions": {
                          "Search_Existing_MC": {
                            "runAfter": {},
                            "metadata": {
                              "flowSystemMetadata": {
                                "swaggerOperationId": "GetItems"
                              },
                              "operationMetadataId": "4e5e77ad-fd67-43ce-9260-7fb1b3d0a60f"
                            },
                            "type": "ApiConnection",
                            "inputs": {
                              "host": {
                                "connection": {
                                  "name": "@parameters('$connections')['shared_sharepointonline_1']['connectionId']"
                                }
                              },
                              "method": "get",
                              "path": "/datasets/@{encodeURIComponent(encodeURIComponent(parameters('SPOSiteURL (new_SPOSiteURL)')))}/tables/@{encodeURIComponent(encodeURIComponent(parameters('SPOListName (new_SPOListName)')))}/items",
                              "queries": {
                                "$filter": "substringof('@{items('ForEach')?['id']}',Title) and Product eq '@{items('Apply_to_each_Product')}'",
                                "$top": 1
                              },
                              "authentication": "@parameters('$authentication')"
                            }
                          },
                          "Appliquer_à_chacun": {
                            "foreach": "@body('Search_Existing_MC')?['value']",
                            "actions": {
                              "Update_item": {
                                "runAfter": {},
                                "metadata": {
                                  "operationMetadataId": "1842b19a-2171-464b-b397-ba3482b1e41b",
                                  "flowSystemMetadata": {
                                    "swaggerOperationId": "PatchItem"
                                  }
                                },
                                "type": "ApiConnection",
                                "inputs": {
                                  "host": {
                                    "connection": {
                                      "name": "@parameters('$connections')['shared_sharepointonline_1']['connectionId']"
                                    }
                                  },
                                  "method": "patch",
                                  "body": {
                                    "Title": "@items('Appliquer_à_chacun')?['Title']",
                                    "Product": "@{items('Appliquer_à_chacun')?['Product']}",
                                    "PublishedTime": "@{items('Appliquer_à_chacun')?['PublishedTime']}",
                                    "MessageID": "@{items('Appliquer_à_chacun')?['MessageID']}",
                                    "MessageText": "@items('Appliquer_à_chacun')?['MessageText']",
                                    "LastUpdate_x0020_Time": "@{items('ForEach')?['lastModifiedDateTime']}",
                                    "LastUpdate_x0020_Message": "@{items('ForEach')?['body']?['content']}"
                                  },
                                  "path": "/datasets/@{encodeURIComponent(encodeURIComponent(parameters('SPOSiteURL (new_SPOSiteURL)')))}/tables/@{encodeURIComponent(encodeURIComponent(parameters('SPOListName (new_SPOListName)')))}/items/@{encodeURIComponent(items('Appliquer_à_chacun')?['ID'])}",
                                  "authentication": "@parameters('$authentication')"
                                }
                              }
                            },
                            "runAfter": {
                              "Search_Existing_MC": [
                                "Succeeded"
                              ]
                            },
                            "metadata": {
                              "operationMetadataId": "218b75cd-4fdd-477a-95cb-3ae9917466a2"
                            },
                            "type": "Foreach"
                          }
                        },
                        "runAfter": {},
                        "metadata": {
                          "operationMetadataId": "8c1bc284-13d4-4f8c-81ed-ce65edf626e2"
                        },
                        "type": "Foreach"
                      }
                    },
                    "runAfter": {},
                    "expression": {
                      "greaterOrEquals": [
                        "@items('ForEach')?['lastModifiedDateTime']",
                        "@body('Get_past__2hrs')"
                      ]
                    },
                    "metadata": {
                      "operationMetadataId": "cec4201e-41cb-496a-ba93-204347b0de96"
                    },
                    "type": "If"
                  }
                }
              },
              "expression": {
                "greaterOrEquals": [
                  "@items('ForEach')?['startDateTime']",
                  "@body('Get_past__2hrs')"
                ]
              },
              "metadata": {
                "operationMetadataId": "66dedcc8-7076-4fce-a447-37e4e8d1e598"
              },
              "type": "If"
            },
            "Get_past__2hrs": {
              "runAfter": {},
              "metadata": {
                "operationMetadataId": "43e01951-347a-4957-8195-a574d65a6173"
              },
              "type": "Expression",
              "kind": "GetPastTime",
              "inputs": {
                "interval": 2,
                "timeUnit": "Hour"
              }
            }
          },
          "runAfter": {
            "Parse_all_MC": [
              "Succeeded"
            ]
          },
          "metadata": {
            "operationMetadataId": "ac0270aa-360d-494e-96d1-35663e9e8120"
          },
          "type": "Foreach",
          "runtimeConfiguration": {
            "concurrency": {
              "repetitions": 20
            }
          }
        }
      }
    }
  },
  "schemaVersion": "1.0.0.0"
}