{
  "properties": {
    "connectionReferences": {
      "shared_teams": {
        "runtimeSource": "embedded",
        "connection": {
          "connectionReferenceLogicalName": "new_sharedteams_5d142"
        },
        "api": {
          "name": "shared_teams"
        }
      },
      "shared_sharepointonline_1": {
        "runtimeSource": "embedded",
        "connection": {
          "connectionReferenceLogicalName": "new_SPOConnector"
        },
        "api": {
          "name": "shared_sharepointonline"
        }
      }
    },
    "definition": {
      "$schema": "https://schema.management.azure.com/providers/Microsoft.Logic/schemas/2016-06-01/workflowdefinition.json#",
      "contentVersion": "1.0.0.0",
      "parameters": {
        "$connections": {
          "defaultValue": {},
          "type": "Object"
        },
        "$authentication": {
          "defaultValue": {},
          "type": "SecureObject"
        },
        "SPOSiteURL (new_SPOSiteURL)": {
          "defaultValue": "https://amvcc.sharepoint.com/sites/AMVCCIT",
          "type": "String",
          "metadata": {
            "schemaName": "new_SPOSiteURL"
          }
        },
        "SPOListName (new_SPOListName)": {
          "defaultValue": "MC in Teams ABC",
          "type": "String",
          "metadata": {
            "schemaName": "new_SPOListName"
          }
        },
        "TeamID (new_TeamID)": {
          "defaultValue": "f611caa1-a69b-4ce6-ba07-49151ec4e659",
          "type": "String",
          "metadata": {
            "schemaName": "new_TeamID"
          }
        },
        "ChannelID (new_ChannelID)": {
          "defaultValue": "19:0516ad34d12541d9b7178f86478b0f0c@thread.skype",
          "type": "String",
          "metadata": {
            "schemaName": "new_ChannelID"
          }
        }
      },
      "triggers": {
        "When_an_item_is_created_or_modified": {
          "recurrence": {
            "interval": 1,
            "frequency": "Minute"
          },
          "splitOn": "@triggerOutputs()?['body/value']",
          "metadata": {
            "operationMetadataId": "5c8c35f3-0e91-410e-81e3-774b8fcef7bb"
          },
          "type": "OpenApiConnection",
          "inputs": {
            "host": {
              "connectionName": "shared_sharepointonline_1",
              "operationId": "GetOnUpdatedItems",
              "apiId": "/providers/Microsoft.PowerApps/apis/shared_sharepointonline"
            },
            "parameters": {
              "dataset": "@parameters('SPOSiteURL (new_SPOSiteURL)')",
              "table": "@parameters('SPOListName (new_SPOListName)')"
            },
            "authentication": "@parameters('$authentication')"
          }
        }
      },
      "actions": {
        "Compose": {
          "runAfter": {
            "ProductName": [
              "Succeeded"
            ]
          },
          "metadata": {
            "operationMetadataId": "8e325371-d375-46d4-bc11-9ffb70ea41aa"
          },
          "type": "Compose",
          "inputs": "@triggerOutputs()?['body/Title']"
        },
        "ProductName": {
          "runAfter": {},
          "metadata": {
            "operationMetadataId": "a8418230-8001-4024-9463-83d8d15fe8d1"
          },
          "type": "Compose",
          "inputs": "Microsoft Teams"
        },
        "Condition": {
          "actions": {
            "If_NewMessage": {
              "actions": {
                "Post_message_in_a_chat_or_channel": {
                  "runAfter": {},
                  "metadata": {
                    "operationMetadataId": "749f5e69-836c-4775-b4a2-0fafdfa47da1"
                  },
                  "type": "OpenApiConnection",
                  "inputs": {
                    "host": {
                      "connectionName": "shared_teams",
                      "operationId": "PostMessageToConversation",
                      "apiId": "/providers/Microsoft.PowerApps/apis/shared_teams"
                    },
                    "parameters": {
                      "poster": "User",
                      "location": "Channel",
                      "body/recipient/groupId": "@parameters('TeamID (new_TeamID)')",
                      "body/recipient/channelId": "@parameters('ChannelID (new_ChannelID)')",
                      "body/messageBody": "<p>@{triggerOutputs()?['body/MessageText']}</p>",
                      "body/subject": "@triggerOutputs()?['body/Title']"
                    },
                    "authentication": "@parameters('$authentication')"
                  }
                },
                "Update_item": {
                  "runAfter": {
                    "Post_message_in_a_chat_or_channel": [
                      "Succeeded"
                    ]
                  },
                  "metadata": {
                    "operationMetadataId": "0f85f17d-39b9-493a-96ea-15c283e61354"
                  },
                  "type": "OpenApiConnection",
                  "inputs": {
                    "host": {
                      "connectionName": "shared_sharepointonline_1",
                      "operationId": "PatchItem",
                      "apiId": "/providers/Microsoft.PowerApps/apis/shared_sharepointonline"
                    },
                    "parameters": {
                      "dataset": "@parameters('SPOSiteURL (new_SPOSiteURL)')",
                      "table": "@parameters('SPOListName (new_SPOListName)')",
                      "id": "@triggerOutputs()?['body/ID']",
                      "item/Title": "@triggerOutputs()?['body/Title']",
                      "item/Product": "@triggerOutputs()?['body/Product']",
                      "item/PublishedTime": "@triggerOutputs()?['body/PublishedTime']",
                      "item/MessageID": "@outputs('Post_message_in_a_chat_or_channel')?['body/id']",
                      "item/MessageText": "@triggerOutputs()?['body/MessageText']"
                    },
                    "authentication": "@parameters('$authentication')"
                  }
                }
              },
              "runAfter": {},
              "else": {
                "actions": {
                  "If_Message_Update": {
                    "actions": {
                      "Reply_with_a_message_in_a_channel": {
                        "runAfter": {},
                        "metadata": {
                          "operationMetadataId": "a3b81a07-7d31-4ca8-9e4a-300e4d5e41ca"
                        },
                        "type": "OpenApiConnection",
                        "inputs": {
                          "host": {
                            "connectionName": "shared_teams",
                            "operationId": "ReplyWithMessageToConversation",
                            "apiId": "/providers/Microsoft.PowerApps/apis/shared_teams"
                          },
                          "parameters": {
                            "poster": "User",
                            "location": "Channel",
                            "body/parentMessageId": "@triggerOutputs()?['body/MessageID']",
                            "body/recipient/groupId": "@parameters('TeamID (new_TeamID)')",
                            "body/recipient/channelId": "@parameters('ChannelID (new_ChannelID)')",
                            "body/messageBody": "<p>@{triggerOutputs()?['body/LastUpdate_x0020_Message']}</p>"
                          },
                          "authentication": "@parameters('$authentication')"
                        }
                      }
                    },
                    "runAfter": {},
                    "expression": {
                      "and": [
                        {
                          "not": {
                            "equals": [
                              "@triggerOutputs()?['body/MessageID']",
                              "@null"
                            ]
                          }
                        },
                        {
                          "not": {
                            "equals": [
                              "@triggerOutputs()?['body/LastUpdate_x0020_Message']",
                              "@null"
                            ]
                          }
                        }
                      ]
                    },
                    "metadata": {
                      "operationMetadataId": "fc98d5e9-e410-435a-b595-42306286e20c"
                    },
                    "type": "If"
                  }
                }
              },
              "expression": {
                "and": [
                  {
                    "equals": [
                      "@triggerOutputs()?['body/LastUpdate_x0020_Time']",
                      "@null"
                    ]
                  },
                  {
                    "equals": [
                      "@triggerOutputs()?['body/MessageID']",
                      "@null"
                    ]
                  }
                ]
              },
              "metadata": {
                "operationMetadataId": "d9480a28-3d2e-4ee5-a7f7-903e8f817ee0"
              },
              "type": "If"
            }
          },
          "runAfter": {
            "Compose": [
              "Succeeded"
            ]
          },
          "expression": {
            "equals": [
              "@triggerOutputs()?['body/Product']",
              "@outputs('ProductName')"
            ]
          },
          "metadata": {
            "operationMetadataId": "315c3e28-1565-496f-9b46-01235994c6ad"
          },
          "type": "If"
        }
      }
    }
  },
  "schemaVersion": "1.0.0.0"
}