{"name":"f839a7a5-52dd-4f58-a134-f29dc7413255","id":"/providers/Microsoft.Flow/flows/f839a7a5-52dd-4f58-a134-f29dc7413255","type":"Microsoft.Flow/flows","properties":{"apiId":"/providers/Microsoft.PowerApps/apis/shared_logicflows","displayName":"MessageCenter - Post in Teams - Teams MC","definition":{"metadata":{"workflowEntityId":null,"processAdvisorMetadata":null,"flowclientsuspensionreason":"None","flowclientsuspensiontime":null,"creator":{"id":"f3492094-428d-4798-b0d8-18648b0c09a5","type":"User","tenantId":"72f988bf-86f1-41af-91ab-2d7cd011db47"},"provisioningMethod":"FromDefinition","failureAlertSubscription":true,"clientLastModifiedTime":"2021-06-15T15:04:34.0920461Z"},"$schema":"https://schema.management.azure.com/providers/Microsoft.Logic/schemas/2016-06-01/workflowdefinition.json#","contentVersion":"1.0.0.0","parameters":{"$connections":{"defaultValue":{},"type":"Object"},"$authentication":{"defaultValue":{},"type":"SecureObject"}},"triggers":{"When_an_Item_is_created_or_modified":{"recurrence":{"frequency":"Minute","interval":1},"metadata":{"flowSystemMetadata":{"swaggerOperationId":"GetOnUpdatedItems"}},"type":"ApiConnection","inputs":{"host":{"connection":{"name":"@parameters('$connections')['shared_sharepointonline']['connectionId']"},"api":{"runtimeUrl":"https://unitedstates-002.azure-apim.net/apim/sharepointonline"}},"method":"get","path":"/datasets/@{encodeURIComponent(encodeURIComponent('https://microsofteur.sharepoint.com/teams/France-GroupeProduitTeams'))}/tables/@{encodeURIComponent(encodeURIComponent('b166b9e1-baca-4d7f-b51c-9a84c6b568fb'))}/onupdateditems","authentication":"@parameters('$authentication')"}}},"actions":{"Appliquer_à_chacun":{"foreach":"@triggerBody()?['value']","actions":{"If_Teams":{"actions":{"If_NewMessage":{"actions":{"Create_Thread":{"runAfter":{},"metadata":{"flowSystemMetadata":{"swaggerOperationId":"PostMessageToChannelV3"}},"type":"ApiConnection","inputs":{"host":{"connection":{"name":"@parameters('$connections')['shared_teams']['connectionId']"},"api":{"runtimeUrl":"https://unitedstates-002.azure-apim.net/apim/teams"}},"method":"post","body":{"body":{"content":"<p>@{items('Appliquer_à_chacun')?['MessageText']}</p>","contentType":"html"},"subject":"@items('Appliquer_à_chacun')?['Title']"},"path":"/v3/beta/teams/@{encodeURIComponent('d45e7a57-d683-4249-bb53-86a16ca3c862')}/channels/@{encodeURIComponent('19:e4519102399545aabcd135dd981f1f5f@thread.skype')}/messages","authentication":"@parameters('$authentication')","retryPolicy":{"type":"fixed","count":4,"interval":"PT10S"}}},"Mettre_à_jour_l'élément":{"runAfter":{"Create_Thread":["Succeeded"]},"metadata":{"flowSystemMetadata":{"swaggerOperationId":"PatchItem"}},"type":"ApiConnection","inputs":{"host":{"connection":{"name":"@parameters('$connections')['shared_sharepointonline']['connectionId']"},"api":{"runtimeUrl":"https://unitedstates-002.azure-apim.net/apim/sharepointonline"}},"method":"patch","body":{"Title":"@items('Appliquer_à_chacun')?['Title']","AffectedWorkloadNames":"@items('Appliquer_à_chacun')?['AffectedWorkloadNames']","PublishedTime":"@items('Appliquer_à_chacun')?['PublishedTime']","MessageText":"@items('Appliquer_à_chacun')?['MessageText']","LastUpdate_x0020_Time":"@items('Appliquer_à_chacun')?['LastUpdate_x0020_Time']","LastUpdate_x0020_Message":"@items('Appliquer_à_chacun')?['LastUpdate_x0020_Message']","MessageID":"@body('Create_Thread')?['id']"},"path":"/datasets/@{encodeURIComponent(encodeURIComponent('https://microsofteur.sharepoint.com/teams/France-GroupeProduitTeams'))}/tables/@{encodeURIComponent(encodeURIComponent('b166b9e1-baca-4d7f-b51c-9a84c6b568fb'))}/items/@{encodeURIComponent(items('Appliquer_à_chacun')?['ID'])}","authentication":"@parameters('$authentication')"}}},"runAfter":{},"else":{"actions":{"Condition":{"actions":{"Update_Thread":{"runAfter":{},"metadata":{"flowSystemMetadata":{"swaggerOperationId":"PostReplyToMessageV2"}},"type":"ApiConnection","inputs":{"host":{"connection":{"name":"@parameters('$connections')['shared_teams']['connectionId']"},"api":{"runtimeUrl":"https://unitedstates-002.azure-apim.net/apim/teams"}},"method":"post","body":{"body":{"content":"<p>@{items('Appliquer_à_chacun')?['LastUpdate_x0020_Message']}</p>","contentType":"html"}},"path":"/v2/beta/teams/@{encodeURIComponent('d45e7a57-d683-4249-bb53-86a16ca3c862')}/channels/@{encodeURIComponent('19:e4519102399545aabcd135dd981f1f5f@thread.skype')}/messages/@{encodeURIComponent(items('Appliquer_à_chacun')?['MessageID'])}/replies","authentication":"@parameters('$authentication')"}}},"runAfter":{},"expression":{"and":[{"not":{"equals":["@items('Appliquer_à_chacun')?['MessageID']","@null"]}},{"not":{"equals":["@items('Appliquer_à_chacun')?['LastUpdate_x0020_Message']","@null"]}}]},"type":"If"}}},"expression":{"and":[{"equals":["@items('Appliquer_à_chacun')?['LastUpdate_x0020_Time']","@null"]},{"equals":["@items('Appliquer_à_chacun')?['MessageID']","@null"]}]},"type":"If"}},"runAfter":{},"expression":{"equals":["@items('Appliquer_à_chacun')?['AffectedWorkloadNames']","@outputs('ProductName')"]},"type":"If"}},"runAfter":{"ChannelName":["Succeeded"]},"type":"Foreach"},"ListName":{"runAfter":{},"type":"Compose","inputs":"Message Center"},"SharepointSiteURL":{"runAfter":{"ListName":["Succeeded"]},"type":"Compose","inputs":"https://microsofteur.sharepoint.com/teams/France-GroupeProduitTeams"},"ProductName":{"runAfter":{"SharepointSiteURL":["Succeeded"]},"type":"Compose","inputs":"Microsoft Teams"},"TeamsName":{"runAfter":{"ProductName":["Succeeded"]},"type":"Compose","inputs":"zzz"},"ChannelName":{"runAfter":{"TeamsName":["Succeeded"]},"type":"Compose","inputs":"zzz"}}},"connectionReferences":{"shared_teams":{"connectionName":"shared-teams-ad1b358d-dad4-4c56-94a4-278fe5b50ec0","source":"Embedded","id":"/providers/Microsoft.PowerApps/apis/shared_teams","tier":"NotSpecified"},"shared_sharepointonline":{"connectionName":"9ab9320df78844eba66a11f552c0ac37","source":"Embedded","id":"/providers/Microsoft.PowerApps/apis/shared_sharepointonline","tier":"NotSpecified"}},"flowFailureAlertSubscribed":false}}