{"name":"64c416a0-ed9a-463d-a149-a54d73268762","id":"/providers/Microsoft.Flow/flows/64c416a0-ed9a-463d-a149-a54d73268762","type":"Microsoft.Flow/flows","properties":{"apiId":"/providers/Microsoft.PowerApps/apis/shared_logicflows","displayName":"MessageCenter - Initiate MC","definition":{"metadata":{"workflowEntityId":null,"processAdvisorMetadata":null,"flowclientsuspensionreason":"None","flowclientsuspensiontime":null,"creator":{"id":"f3492094-428d-4798-b0d8-18648b0c09a5","type":"User","tenantId":"72f988bf-86f1-41af-91ab-2d7cd011db47"},"provisioningMethod":"FromDefinition","failureAlertSubscription":true,"clientLastModifiedTime":"2021-06-15T11:48:42.0948311Z"},"$schema":"https://schema.management.azure.com/providers/Microsoft.Logic/schemas/2016-06-01/workflowdefinition.json#","contentVersion":"1.0.0.0","parameters":{"$connections":{"defaultValue":{},"type":"Object"},"$authentication":{"defaultValue":{},"type":"SecureObject"}},"triggers":{"manual":{"type":"Request","kind":"Button","inputs":{"schema":{"type":"object","properties":{},"required":[]},"headersSchema":{"x-ms-user-name-encoded":{"title":"User name","type":"string","format":"byte","x-ms-dynamically-added":false}}}}},"actions":{"HTTP":{"runAfter":{"ListName":["Succeeded"]},"type":"Http","inputs":{"method":"GET","uri":"https://manage.office.com/api/v1.0/@{outputs('TenantID')}/ServiceComms/Messages?$filter=MessageType%20eq%20'MessageCenter'&$select=Id,Title,AffectedWorkloadDisplayNames,AffectedWorkloadNames,LastUpdatedTime,Messages","authentication":{"type":"ActiveDirectoryOAuth","tenant":"@{outputs('TenantID')}","audience":"https://manage.office.com","clientId":"@{outputs('ClientID')}","secret":"@{outputs('AppSecret')}"}}},"Parse_all_MC":{"runAfter":{"HTTP":["Succeeded"]},"type":"ParseJson","inputs":{"content":"@body('HTTP')","schema":{"type":"object","properties":{"@@odata.context":{"type":["string","null"]},"value":{"type":"array","items":{"type":"object","properties":{"Id":{"type":["string","null"]},"Title":{"type":["string","null"]},"AffectedWorkloadDisplayNames":{"type":"array","items":{"type":"string"}},"AffectedWorkloadNames":{"type":"array","items":{"type":"string"}},"LastUpdatedTime":{"type":["string","null"]},"Messages":{"type":["array","null"],"items":{"type":"object","properties":{"MessageText":{"type":["string","null"]},"PublishedTime":{"type":["string","null"]}},"required":[]}},"@@odata.type":{"type":["string","null"]}},"required":[]}}}}}},"ForEach":{"foreach":"@body('Parse_all_MC')?['value']","actions":{"Get_last_Message":{"runAfter":{},"type":"ParseJson","inputs":{"content":"@last(items('ForEach')?['Messages'])","schema":{"type":"object","properties":{"MessageText":{"type":"string"},"PublishedTime":{"type":"string"}}}}},"Get_Affected_Workload_Display_name":{"runAfter":{"Get_last_Message":["Succeeded"]},"type":"ParseJson","inputs":{"content":"@items('ForEach')?['AffectedWorkloadDisplayNames']","schema":{"type":"array","items":{"type":["string","null"]}}}},"Check_for_Non-Empty_Product_Name":{"actions":{"Apply_to_each":{"foreach":"@body('Get_Affected_Workload_Display_name')","actions":{"If_Udated":{"actions":{"Create_MC_with_Update":{"runAfter":{},"metadata":{"flowSystemMetadata":{"swaggerOperationId":"PostItem"}},"type":"ApiConnection","inputs":{"host":{"connection":{"name":"@json(decodeBase64(triggerOutputs().headers['X-MS-APIM-Tokens']))['$connections']['shared_sharepointonline']['connectionId']"},"api":{"runtimeUrl":"https://unitedstates-002.azure-apim.net/apim/sharepointonline"}},"method":"post","body":{"Title":"@{items('ForEach')?['id']} : @{items('ForEach')?['Title']}","AffectedWorkloadNames":"@{items('Apply_to_each')}","PublishedTime":"@body('Get_last_Message')?['PublishedTime']","MessageText":"@body('Get_last_Message')?['MessageText']","LastUpdate_x0020_Time":"@{items('ForEach')?['LastUpdatedTime']}"},"path":"/datasets/@{encodeURIComponent(encodeURIComponent(outputs('SharepointSiteURL')))}/tables/@{encodeURIComponent(encodeURIComponent(outputs('ListName')))}/items","authentication":{"type":"Raw","value":"@json(decodeBase64(triggerOutputs().headers['X-MS-APIM-Tokens']))['$ConnectionKey']"}}}},"runAfter":{},"else":{"actions":{"Create_MC_without_Update":{"runAfter":{},"metadata":{"flowSystemMetadata":{"swaggerOperationId":"PostItem"}},"type":"ApiConnection","inputs":{"host":{"connection":{"name":"@json(decodeBase64(triggerOutputs().headers['X-MS-APIM-Tokens']))['$connections']['shared_sharepointonline']['connectionId']"},"api":{"runtimeUrl":"https://unitedstates-002.azure-apim.net/apim/sharepointonline"}},"method":"post","body":{"Title":"@{items('ForEach')?['id']} : @{items('ForEach')?['Title']}","AffectedWorkloadNames":"@{items('Apply_to_each')}","PublishedTime":"@body('Get_last_Message')?['PublishedTime']","MessageText":"@body('Get_last_Message')?['MessageText']"},"path":"/datasets/@{encodeURIComponent(encodeURIComponent(outputs('SharepointSiteURL')))}/tables/@{encodeURIComponent(encodeURIComponent(outputs('ListName')))}/items","authentication":{"type":"Raw","value":"@json(decodeBase64(triggerOutputs().headers['X-MS-APIM-Tokens']))['$ConnectionKey']"}}}}},"expression":{"startsWith":["","(Updated)"]},"type":"If"}},"runAfter":{},"type":"Foreach"}},"runAfter":{"Get_Affected_Workload_Display_name":["Succeeded"]},"else":{"actions":{"If_Udated_2":{"actions":{"Create_MC_with_Update_2":{"runAfter":{},"metadata":{"flowSystemMetadata":{"swaggerOperationId":"PostItem"}},"type":"ApiConnection","inputs":{"host":{"connection":{"name":"@json(decodeBase64(triggerOutputs().headers['X-MS-APIM-Tokens']))['$connections']['shared_sharepointonline']['connectionId']"},"api":{"runtimeUrl":"https://unitedstates-002.azure-apim.net/apim/sharepointonline"}},"method":"post","body":{"Title":"@{items('ForEach')?['id']} : @{items('ForEach')?['Title']}","AffectedWorkloadNames":"@{null}","PublishedTime":"@body('Get_last_Message')?['PublishedTime']","MessageText":"@body('Get_last_Message')?['MessageText']","LastUpdate_x0020_Time":"@{items('ForEach')?['LastUpdatedTime']}"},"path":"/datasets/@{encodeURIComponent(encodeURIComponent(outputs('SharepointSiteURL')))}/tables/@{encodeURIComponent(encodeURIComponent(outputs('ListName')))}/items","authentication":{"type":"Raw","value":"@json(decodeBase64(triggerOutputs().headers['X-MS-APIM-Tokens']))['$ConnectionKey']"}}}},"runAfter":{},"else":{"actions":{"Create_MC_without_Update_2":{"runAfter":{},"metadata":{"flowSystemMetadata":{"swaggerOperationId":"PostItem"}},"type":"ApiConnection","inputs":{"host":{"connection":{"name":"@json(decodeBase64(triggerOutputs().headers['X-MS-APIM-Tokens']))['$connections']['shared_sharepointonline']['connectionId']"},"api":{"runtimeUrl":"https://unitedstates-002.azure-apim.net/apim/sharepointonline"}},"method":"post","body":{"Title":"@{items('ForEach')?['id']} : @{items('ForEach')?['Title']}","AffectedWorkloadNames":"@{null}","PublishedTime":"@body('Get_last_Message')?['PublishedTime']","MessageText":"@body('Get_last_Message')?['MessageText']"},"path":"/datasets/@{encodeURIComponent(encodeURIComponent(outputs('SharepointSiteURL')))}/tables/@{encodeURIComponent(encodeURIComponent(outputs('ListName')))}/items","authentication":{"type":"Raw","value":"@json(decodeBase64(triggerOutputs().headers['X-MS-APIM-Tokens']))['$ConnectionKey']"}}}}},"expression":{"startsWith":["","(Updated)"]},"type":"If"}}},"expression":{"greater":["@length(body('Get_Affected_Workload_Display_name'))",0]},"type":"If"}},"runAfter":{"Parse_all_MC":["Succeeded"]},"type":"Foreach"},"TenantID":{"runAfter":{},"type":"Compose","inputs":"671740f0-0ce9-4b51-bae5-4096de8b66d3"},"ClientID":{"runAfter":{"TenantID":["Succeeded"]},"type":"Compose","inputs":"2e715470-298c-4c1d-8201-e4b092b04ab8"},"AppSecret":{"runAfter":{"ClientID":["Succeeded"]},"type":"Compose","inputs":"TuV0~~XX.8ANJe5a7_4WZSYhmQ_7jH9-7p"},"SharepointSiteURL":{"runAfter":{"AppSecret":["Succeeded"]},"type":"Compose","inputs":"https://microsofteur.sharepoint.com/teams/France-GroupeProduitTeams"},"ListName":{"runAfter":{"SharepointSiteURL":["Succeeded"]},"type":"Compose","inputs":"Message Center"}}},"connectionReferences":{"shared_sharepointonline":{"connectionName":"9ab9320df78844eba66a11f552c0ac37","source":"Embedded","id":"/providers/Microsoft.PowerApps/apis/shared_sharepointonline","tier":"NotSpecified"}},"flowFailureAlertSubscribed":false}}