{
  "properties": {
    "connectionReferences": {
      "shared_sharepointonline_1": {
        "runtimeSource": "invoker",
        "connection": {
          "connectionReferenceLogicalName": "new_SPOConnector"
        },
        "api": {
          "name": "shared_sharepointonline"
        }
      }
    },
    "definition": {
      "$schema": "https://schema.management.azure.com/providers/Microsoft.Logic/schemas/2016-06-01/workflowdefinition.json#",
      "contentVersion": "1.0.0.0",
      "parameters": {
        "$connections": {
          "defaultValue": {},
          "type": "Object"
        },
        "$authentication": {
          "defaultValue": {},
          "type": "SecureObject"
        },
        "SPOSiteURL (new_SPOSiteURL)": {
          "defaultValue": "https://amvcc.sharepoint.com/sites/AMVCCIT",
          "type": "String",
          "metadata": {
            "schemaName": "new_SPOSiteURL"
          }
        },
        "SPOListName (new_SPOListName)": {
          "defaultValue": "MC in Teams ABC",
          "type": "String",
          "metadata": {
            "schemaName": "new_SPOListName"
          }
        }
      },
      "triggers": {
        "manual": {
          "metadata": {
            "operationMetadataId": "008f252a-4edb-415c-b5c3-464078c806ab"
          },
          "type": "Request",
          "kind": "Button",
          "inputs": {
            "schema": {
              "type": "object",
              "properties": {},
              "required": []
            }
          }
        }
      },
      "actions": {
        "Create_MessageText_Column": {
          "runAfter": {
            "Create_MessageID_Column": [
              "Succeeded"
            ]
          },
          "metadata": {
            "operationMetadataId": "519b741b-a5d2-4acf-8371-84c5eb38832d"
          },
          "type": "OpenApiConnection",
          "inputs": {
            "host": {
              "connectionName": "shared_sharepointonline_1",
              "operationId": "HttpRequest",
              "apiId": "/providers/Microsoft.PowerApps/apis/shared_sharepointonline"
            },
            "parameters": {
              "dataset": "@parameters('SPOSiteURL (new_SPOSiteURL)')",
              "parameters/method": "POST",
              "parameters/uri": "_api/web/lists/getByTitle('@{parameters('SPOListName (new_SPOListName)')}')/fields",
              "parameters/headers": {
                "accept": "application/json;odata=verbose",
                "content-type": "application/json;odata=verbose"
              },
              "parameters/body": "{ '__metadata': { 'type': 'SP.Field' }, 'FieldTypeKind': 3, 'Title': 'MessageText', 'SchemaXml': '<Field Type=\\\"Note\\\"  DisplayName=\\\"MessageText\\\" Title=\\\"MessageText\\\" ColName=\\\"MessageText\\\" RichText=\\\"TRUE\\\" RichTextMode=\\\"FullHtml\\\" Required=\\\"FALSE\\\" />' }"
            },
            "authentication": {
              "type": "Raw",
              "value": "@json(decodeBase64(triggerOutputs().headers['X-MS-APIM-Tokens']))['$ConnectionKey']"
            },
            "retryPolicy": {
              "type": "none"
            }
          }
        },
        "Create_MC_List": {
          "runAfter": {},
          "metadata": {
            "operationMetadataId": "519b741b-a5d2-4acf-8371-84c5eb38832d"
          },
          "type": "OpenApiConnection",
          "inputs": {
            "host": {
              "connectionName": "shared_sharepointonline_1",
              "operationId": "HttpRequest",
              "apiId": "/providers/Microsoft.PowerApps/apis/shared_sharepointonline"
            },
            "parameters": {
              "dataset": "@parameters('SPOSiteURL (new_SPOSiteURL)')",
              "parameters/method": "POST",
              "parameters/uri": "_api/web/lists",
              "parameters/headers": {
                "accept": "application/json;odata=verbose",
                "content-type": "application/json;odata=verbose"
              },
              "parameters/body": "{ '__metadata': { 'type': 'SP.List' }, 'AllowContentTypes': true, 'BaseTemplate': 100,\n    'ContentTypesEnabled': true, 'Description': 'My list description', 'Title': '@{parameters('SPOListName (new_SPOListName)')}' }"
            },
            "authentication": {
              "type": "Raw",
              "value": "@json(decodeBase64(triggerOutputs().headers['X-MS-APIM-Tokens']))['$ConnectionKey']"
            },
            "retryPolicy": {
              "type": "none"
            }
          }
        },
        "Create_Product_Column": {
          "runAfter": {
            "Parse_JSON_2": [
              "Succeeded"
            ]
          },
          "metadata": {
            "operationMetadataId": "519b741b-a5d2-4acf-8371-84c5eb38832d"
          },
          "type": "OpenApiConnection",
          "inputs": {
            "host": {
              "connectionName": "shared_sharepointonline_1",
              "operationId": "HttpRequest",
              "apiId": "/providers/Microsoft.PowerApps/apis/shared_sharepointonline"
            },
            "parameters": {
              "dataset": "@parameters('SPOSiteURL (new_SPOSiteURL)')",
              "parameters/method": "POST",
              "parameters/uri": "_api/web/lists/getByTitle('@{parameters('SPOListName (new_SPOListName)')}')/fields",
              "parameters/headers": {
                "accept": "application/json;odata=verbose",
                "content-type": "application/json;odata=verbose"
              },
              "parameters/body": "{ '__metadata': { 'type': 'SP.FieldText' }, 'FieldTypeKind': 2, 'Title': 'Product', 'MaxLength': '22' }"
            },
            "authentication": {
              "type": "Raw",
              "value": "@json(decodeBase64(triggerOutputs().headers['X-MS-APIM-Tokens']))['$ConnectionKey']"
            },
            "retryPolicy": {
              "type": "none"
            }
          }
        },
        "Create_Published_Time_Column": {
          "runAfter": {
            "Create_Product_Column": [
              "Succeeded"
            ]
          },
          "metadata": {
            "operationMetadataId": "519b741b-a5d2-4acf-8371-84c5eb38832d"
          },
          "type": "OpenApiConnection",
          "inputs": {
            "host": {
              "connectionName": "shared_sharepointonline_1",
              "operationId": "HttpRequest",
              "apiId": "/providers/Microsoft.PowerApps/apis/shared_sharepointonline"
            },
            "parameters": {
              "dataset": "@parameters('SPOSiteURL (new_SPOSiteURL)')",
              "parameters/method": "POST",
              "parameters/uri": "_api/web/lists/getByTitle('@{parameters('SPOListName (new_SPOListName)')}')/fields",
              "parameters/headers": {
                "accept": "application/json;odata=verbose",
                "content-type": "application/json;odata=verbose"
              },
              "parameters/body": "{ '__metadata': { 'type': 'SP.FieldDateTime' }, 'FieldTypeKind': 4, 'Title': 'PublishedTime', 'DisplayFormat': 0 }"
            },
            "authentication": {
              "type": "Raw",
              "value": "@json(decodeBase64(triggerOutputs().headers['X-MS-APIM-Tokens']))['$ConnectionKey']"
            },
            "retryPolicy": {
              "type": "none"
            }
          }
        },
        "Create_MessageID_Column": {
          "runAfter": {
            "Create_Published_Time_Column": [
              "Succeeded"
            ]
          },
          "metadata": {
            "operationMetadataId": "519b741b-a5d2-4acf-8371-84c5eb38832d"
          },
          "type": "OpenApiConnection",
          "inputs": {
            "host": {
              "connectionName": "shared_sharepointonline_1",
              "operationId": "HttpRequest",
              "apiId": "/providers/Microsoft.PowerApps/apis/shared_sharepointonline"
            },
            "parameters": {
              "dataset": "@parameters('SPOSiteURL (new_SPOSiteURL)')",
              "parameters/method": "POST",
              "parameters/uri": "_api/web/lists/getByTitle('@{parameters('SPOListName (new_SPOListName)')}')/fields",
              "parameters/headers": {
                "accept": "application/json;odata=verbose",
                "content-type": "application/json;odata=verbose"
              },
              "parameters/body": "{ '__metadata': { 'type': 'SP.FieldText' }, 'FieldTypeKind': 2, 'Title': 'MessageID', 'MaxLength': '255' }"
            },
            "authentication": {
              "type": "Raw",
              "value": "@json(decodeBase64(triggerOutputs().headers['X-MS-APIM-Tokens']))['$ConnectionKey']"
            },
            "retryPolicy": {
              "type": "none"
            }
          }
        },
        "Create_LastUpdateTime_Column": {
          "runAfter": {
            "Create_MessageText_Column": [
              "Succeeded"
            ]
          },
          "metadata": {
            "operationMetadataId": "519b741b-a5d2-4acf-8371-84c5eb38832d"
          },
          "type": "OpenApiConnection",
          "inputs": {
            "host": {
              "connectionName": "shared_sharepointonline_1",
              "operationId": "HttpRequest",
              "apiId": "/providers/Microsoft.PowerApps/apis/shared_sharepointonline"
            },
            "parameters": {
              "dataset": "@parameters('SPOSiteURL (new_SPOSiteURL)')",
              "parameters/method": "POST",
              "parameters/uri": "_api/web/lists/getByTitle('@{parameters('SPOListName (new_SPOListName)')}')/fields",
              "parameters/headers": {
                "accept": "application/json;odata=verbose",
                "content-type": "application/json;odata=verbose"
              },
              "parameters/body": "{ '__metadata': { 'type': 'SP.FieldDateTime' }, 'FieldTypeKind': 4, 'Title': 'LastUpdate Time', 'DisplayFormat': 0 }"
            },
            "authentication": {
              "type": "Raw",
              "value": "@json(decodeBase64(triggerOutputs().headers['X-MS-APIM-Tokens']))['$ConnectionKey']"
            },
            "retryPolicy": {
              "type": "none"
            }
          }
        },
        "Create_LastUpdate_Message_Column": {
          "runAfter": {
            "Create_LastUpdateTime_Column": [
              "Succeeded"
            ]
          },
          "metadata": {
            "operationMetadataId": "519b741b-a5d2-4acf-8371-84c5eb38832d"
          },
          "type": "OpenApiConnection",
          "inputs": {
            "host": {
              "connectionName": "shared_sharepointonline_1",
              "operationId": "HttpRequest",
              "apiId": "/providers/Microsoft.PowerApps/apis/shared_sharepointonline"
            },
            "parameters": {
              "dataset": "@parameters('SPOSiteURL (new_SPOSiteURL)')",
              "parameters/method": "POST",
              "parameters/uri": "_api/web/lists/getByTitle('@{parameters('SPOListName (new_SPOListName)')}')/fields",
              "parameters/headers": {
                "accept": "application/json;odata=verbose",
                "content-type": "application/json;odata=verbose"
              },
              "parameters/body": "{ '__metadata': { 'type': 'SP.Field' }, 'FieldTypeKind': 3, 'Title': 'LastUpdate Message', 'SchemaXml': '<Field Type=\\\"Note\\\"  DisplayName=\\\"LastUpdate Message\\\" Title=\\\"LastUpdate Message\\\" ColName=\\\"LastUpdate Message\\\" RichText=\\\"TRUE\\\" RichTextMode=\\\"FullHtml\\\" Required=\\\"FALSE\\\" />' }"
            },
            "authentication": {
              "type": "Raw",
              "value": "@json(decodeBase64(triggerOutputs().headers['X-MS-APIM-Tokens']))['$ConnectionKey']"
            },
            "retryPolicy": {
              "type": "none"
            }
          }
        },
        "Get_Lists": {
          "runAfter": {
            "Create_LastUpdate_Message_Column": [
              "Succeeded"
            ]
          },
          "metadata": {
            "operationMetadataId": "519b741b-a5d2-4acf-8371-84c5eb38832d"
          },
          "type": "OpenApiConnection",
          "inputs": {
            "host": {
              "connectionName": "shared_sharepointonline_1",
              "operationId": "HttpRequest",
              "apiId": "/providers/Microsoft.PowerApps/apis/shared_sharepointonline"
            },
            "parameters": {
              "dataset": "@parameters('SPOSiteURL (new_SPOSiteURL)')",
              "parameters/method": "GET",
              "parameters/uri": "_api/web/lists/getByTitle('@{parameters('SPOListName (new_SPOListName)')}')/views/",
              "parameters/headers": {
                "accept": "application/json;odata=verbose",
                "content-type": "application/json;odata=verbose"
              }
            },
            "authentication": {
              "type": "Raw",
              "value": "@json(decodeBase64(triggerOutputs().headers['X-MS-APIM-Tokens']))['$ConnectionKey']"
            },
            "retryPolicy": {
              "type": "none"
            }
          }
        },
        "Parse_JSON": {
          "runAfter": {
            "Get_Lists": [
              "Succeeded"
            ]
          },
          "metadata": {
            "operationMetadataId": "38c8ce4b-41ef-4623-a384-7b06a40be21f"
          },
          "type": "ParseJson",
          "inputs": {
            "content": "@body('Get_Lists')",
            "schema": {
              "type": "object",
              "properties": {
                "d": {
                  "type": "object",
                  "properties": {
                    "results": {
                      "type": "array",
                      "items": {
                        "type": "object",
                        "properties": {
                          "__metadata": {
                            "type": "object",
                            "properties": {
                              "id": {
                                "type": "string"
                              },
                              "uri": {
                                "type": "string"
                              },
                              "type": {
                                "type": "string"
                              }
                            }
                          },
                          "ViewFields": {
                            "type": "object",
                            "properties": {
                              "__deferred": {
                                "type": "object",
                                "properties": {
                                  "uri": {
                                    "type": "string"
                                  }
                                }
                              }
                            }
                          },
                          "Aggregations": {},
                          "AggregationsStatus": {},
                          "AssociatedContentTypeId": {},
                          "BaseViewId": {
                            "type": "string"
                          },
                          "CalendarViewStyles": {},
                          "ColumnWidth": {},
                          "ContentTypeId": {
                            "type": "object",
                            "properties": {
                              "__metadata": {
                                "type": "object",
                                "properties": {
                                  "type": {
                                    "type": "string"
                                  }
                                }
                              },
                              "StringValue": {
                                "type": "string"
                              }
                            }
                          },
                          "CustomFormatter": {},
                          "CustomOrder": {},
                          "DefaultView": {
                            "type": "boolean"
                          },
                          "DefaultViewForContentType": {
                            "type": "boolean"
                          },
                          "EditorModified": {
                            "type": "boolean"
                          },
                          "Formats": {},
                          "GridLayout": {},
                          "Hidden": {
                            "type": "boolean"
                          },
                          "HtmlSchemaXml": {
                            "type": "string"
                          },
                          "Id": {
                            "type": "string"
                          },
                          "ImageUrl": {
                            "type": "string"
                          },
                          "IncludeRootFolder": {
                            "type": "boolean"
                          },
                          "ViewJoins": {},
                          "JSLink": {
                            "type": "string"
                          },
                          "ListViewXml": {
                            "type": "string"
                          },
                          "Method": {},
                          "MobileDefaultView": {
                            "type": "boolean"
                          },
                          "MobileView": {
                            "type": "boolean"
                          },
                          "ModerationType": {},
                          "NewDocumentTemplates": {},
                          "OrderedView": {
                            "type": "boolean"
                          },
                          "Paged": {
                            "type": "boolean"
                          },
                          "PersonalView": {
                            "type": "boolean"
                          },
                          "ViewProjectedFields": {},
                          "ViewQuery": {
                            "type": "string"
                          },
                          "ReadOnlyView": {
                            "type": "boolean"
                          },
                          "RequiresClientIntegration": {
                            "type": "boolean"
                          },
                          "RowLimit": {
                            "type": "integer"
                          },
                          "Scope": {
                            "type": "integer"
                          },
                          "ServerRelativePath": {
                            "type": "object",
                            "properties": {
                              "__metadata": {
                                "type": "object",
                                "properties": {
                                  "type": {
                                    "type": "string"
                                  }
                                }
                              },
                              "DecodedUrl": {
                                "type": "string"
                              }
                            }
                          },
                          "ServerRelativeUrl": {
                            "type": "string"
                          },
                          "StyleId": {},
                          "TabularView": {
                            "type": "boolean"
                          },
                          "Threaded": {
                            "type": "boolean"
                          },
                          "Title": {
                            "type": "string"
                          },
                          "Toolbar": {
                            "type": "string"
                          },
                          "ToolbarTemplateName": {},
                          "ViewType": {
                            "type": "string"
                          },
                          "ViewData": {},
                          "ViewType2": {},
                          "VisualizationInfo": {}
                        },
                        "required": [
                          "__metadata",
                          "ViewFields",
                          "Aggregations",
                          "AggregationsStatus",
                          "AssociatedContentTypeId",
                          "BaseViewId",
                          "CalendarViewStyles",
                          "ColumnWidth",
                          "ContentTypeId",
                          "CustomFormatter",
                          "CustomOrder",
                          "DefaultView",
                          "DefaultViewForContentType",
                          "EditorModified",
                          "Formats",
                          "GridLayout",
                          "Hidden",
                          "HtmlSchemaXml",
                          "Id",
                          "ImageUrl",
                          "IncludeRootFolder",
                          "ViewJoins",
                          "JSLink",
                          "ListViewXml",
                          "Method",
                          "MobileDefaultView",
                          "MobileView",
                          "ModerationType",
                          "NewDocumentTemplates",
                          "OrderedView",
                          "Paged",
                          "PersonalView",
                          "ViewProjectedFields",
                          "ViewQuery",
                          "ReadOnlyView",
                          "RequiresClientIntegration",
                          "RowLimit",
                          "Scope",
                          "ServerRelativePath",
                          "ServerRelativeUrl",
                          "StyleId",
                          "TabularView",
                          "Threaded",
                          "Title",
                          "Toolbar",
                          "ToolbarTemplateName",
                          "ViewType",
                          "ViewData",
                          "ViewType2",
                          "VisualizationInfo"
                        ]
                      }
                    }
                  }
                }
              }
            }
          }
        },
        "Apply_to_each": {
          "foreach": "@body('Parse_JSON')?['d']?['results']",
          "actions": {
            "Condition": {
              "actions": {
                "Add_Product_Columns_to_view": {
                  "runAfter": {},
                  "metadata": {
                    "operationMetadataId": "519b741b-a5d2-4acf-8371-84c5eb38832d"
                  },
                  "type": "OpenApiConnection",
                  "inputs": {
                    "host": {
                      "connectionName": "shared_sharepointonline_1",
                      "operationId": "HttpRequest",
                      "apiId": "/providers/Microsoft.PowerApps/apis/shared_sharepointonline"
                    },
                    "parameters": {
                      "dataset": "@parameters('SPOSiteURL (new_SPOSiteURL)')",
                      "parameters/method": "POST",
                      "parameters/uri": "_api/web/lists/getByTitle('@{parameters('SPOListName (new_SPOListName)')}')/views/getByTitle('@{items('Apply_to_each')?['Title']}')/ViewFields/addViewField('Product')",
                      "parameters/headers": {
                        "accept": "application/json;odata=verbose",
                        "content-type": "application/json;odata=verbose",
                        "X-HTTP-Method": "MERGE"
                      }
                    },
                    "authentication": {
                      "type": "Raw",
                      "value": "@json(decodeBase64(triggerOutputs().headers['X-MS-APIM-Tokens']))['$ConnectionKey']"
                    },
                    "retryPolicy": {
                      "type": "none"
                    }
                  }
                },
                "Add_PublishedTime_Columns_to_view": {
                  "runAfter": {
                    "Add_Product_Columns_to_view": [
                      "Succeeded"
                    ]
                  },
                  "metadata": {
                    "operationMetadataId": "519b741b-a5d2-4acf-8371-84c5eb38832d"
                  },
                  "type": "OpenApiConnection",
                  "inputs": {
                    "host": {
                      "connectionName": "shared_sharepointonline_1",
                      "operationId": "HttpRequest",
                      "apiId": "/providers/Microsoft.PowerApps/apis/shared_sharepointonline"
                    },
                    "parameters": {
                      "dataset": "@parameters('SPOSiteURL (new_SPOSiteURL)')",
                      "parameters/method": "POST",
                      "parameters/uri": "_api/web/lists/getByTitle('@{parameters('SPOListName (new_SPOListName)')}')/views/getByTitle('@{items('Apply_to_each')?['Title']}')/ViewFields/addViewField('PublishedTime')",
                      "parameters/headers": {
                        "accept": "application/json;odata=verbose",
                        "content-type": "application/json;odata=verbose",
                        "X-HTTP-Method": "MERGE"
                      }
                    },
                    "authentication": {
                      "type": "Raw",
                      "value": "@json(decodeBase64(triggerOutputs().headers['X-MS-APIM-Tokens']))['$ConnectionKey']"
                    },
                    "retryPolicy": {
                      "type": "none"
                    }
                  }
                },
                "Add_GroupBy_to_view": {
                  "runAfter": {
                    "Add_PublishedTime_Columns_to_view": [
                      "Succeeded"
                    ]
                  },
                  "metadata": {
                    "operationMetadataId": "519b741b-a5d2-4acf-8371-84c5eb38832d"
                  },
                  "type": "OpenApiConnection",
                  "inputs": {
                    "host": {
                      "connectionName": "shared_sharepointonline_1",
                      "operationId": "HttpRequest",
                      "apiId": "/providers/Microsoft.PowerApps/apis/shared_sharepointonline"
                    },
                    "parameters": {
                      "dataset": "@parameters('SPOSiteURL (new_SPOSiteURL)')",
                      "parameters/method": "POST",
                      "parameters/uri": "_api/web/lists(guid'@{body('Parse_JSON_2')?['d']?['Id']}')/views('@{items('Apply_to_each')?['Id']}')",
                      "parameters/headers": {
                        "accept": "application/json;odata=verbose",
                        "content-type": "application/json;odata=verbose",
                        "X-HTTP-Method": "MERGE"
                      },
                      "parameters/body": "{'__metadata': { 'type': 'SP.View' },'ViewQuery':'<GroupBy><FieldRef Name=\\\"Product\\\"/></GroupBy>'}"
                    },
                    "authentication": {
                      "type": "Raw",
                      "value": "@json(decodeBase64(triggerOutputs().headers['X-MS-APIM-Tokens']))['$ConnectionKey']"
                    },
                    "retryPolicy": {
                      "type": "none"
                    }
                  }
                }
              },
              "runAfter": {},
              "expression": {
                "equals": [
                  "@items('Apply_to_each')?['DefaultView']",
                  true
                ]
              },
              "metadata": {
                "operationMetadataId": "45564704-f9b5-4e89-9cab-be30b8ab3082"
              },
              "type": "If"
            }
          },
          "runAfter": {
            "Parse_JSON": [
              "Succeeded"
            ]
          },
          "metadata": {
            "operationMetadataId": "d1c60725-7414-4034-8eae-2327355d5f84"
          },
          "type": "Foreach"
        },
        "Parse_JSON_2": {
          "runAfter": {
            "Create_MC_List": [
              "Succeeded"
            ]
          },
          "metadata": {
            "operationMetadataId": "e1953561-63bf-47f9-8fef-e5a7eeb8d79e"
          },
          "type": "ParseJson",
          "inputs": {
            "content": "@body('Create_MC_List')",
            "schema": {
              "type": "object",
              "properties": {
                "d": {
                  "type": "object",
                  "properties": {
                    "__metadata": {
                      "type": "object",
                      "properties": {
                        "id": {
                          "type": "string"
                        },
                        "uri": {
                          "type": "string"
                        },
                        "etag": {
                          "type": "string"
                        },
                        "type": {
                          "type": "string"
                        }
                      }
                    },
                    "FirstUniqueAncestorSecurableObject": {
                      "type": "object",
                      "properties": {
                        "__deferred": {
                          "type": "object",
                          "properties": {
                            "uri": {
                              "type": "string"
                            }
                          }
                        }
                      }
                    },
                    "RoleAssignments": {
                      "type": "object",
                      "properties": {
                        "__deferred": {
                          "type": "object",
                          "properties": {
                            "uri": {
                              "type": "string"
                            }
                          }
                        }
                      }
                    },
                    "Author": {
                      "type": "object",
                      "properties": {
                        "__deferred": {
                          "type": "object",
                          "properties": {
                            "uri": {
                              "type": "string"
                            }
                          }
                        }
                      }
                    },
                    "ContentTypes": {
                      "type": "object",
                      "properties": {
                        "__deferred": {
                          "type": "object",
                          "properties": {
                            "uri": {
                              "type": "string"
                            }
                          }
                        }
                      }
                    },
                    "CreatablesInfo": {
                      "type": "object",
                      "properties": {
                        "__deferred": {
                          "type": "object",
                          "properties": {
                            "uri": {
                              "type": "string"
                            }
                          }
                        }
                      }
                    },
                    "DefaultView": {
                      "type": "object",
                      "properties": {
                        "__deferred": {
                          "type": "object",
                          "properties": {
                            "uri": {
                              "type": "string"
                            }
                          }
                        }
                      }
                    },
                    "DescriptionResource": {
                      "type": "object",
                      "properties": {
                        "__deferred": {
                          "type": "object",
                          "properties": {
                            "uri": {
                              "type": "string"
                            }
                          }
                        }
                      }
                    },
                    "EventReceivers": {
                      "type": "object",
                      "properties": {
                        "__deferred": {
                          "type": "object",
                          "properties": {
                            "uri": {
                              "type": "string"
                            }
                          }
                        }
                      }
                    },
                    "Fields": {
                      "type": "object",
                      "properties": {
                        "__deferred": {
                          "type": "object",
                          "properties": {
                            "uri": {
                              "type": "string"
                            }
                          }
                        }
                      }
                    },
                    "Forms": {
                      "type": "object",
                      "properties": {
                        "__deferred": {
                          "type": "object",
                          "properties": {
                            "uri": {
                              "type": "string"
                            }
                          }
                        }
                      }
                    },
                    "InformationRightsManagementSettings": {
                      "type": "object",
                      "properties": {
                        "__deferred": {
                          "type": "object",
                          "properties": {
                            "uri": {
                              "type": "string"
                            }
                          }
                        }
                      }
                    },
                    "Items": {
                      "type": "object",
                      "properties": {
                        "__deferred": {
                          "type": "object",
                          "properties": {
                            "uri": {
                              "type": "string"
                            }
                          }
                        }
                      }
                    },
                    "ParentWeb": {
                      "type": "object",
                      "properties": {
                        "__deferred": {
                          "type": "object",
                          "properties": {
                            "uri": {
                              "type": "string"
                            }
                          }
                        }
                      }
                    },
                    "RootFolder": {
                      "type": "object",
                      "properties": {
                        "__deferred": {
                          "type": "object",
                          "properties": {
                            "uri": {
                              "type": "string"
                            }
                          }
                        }
                      }
                    },
                    "Subscriptions": {
                      "type": "object",
                      "properties": {
                        "__deferred": {
                          "type": "object",
                          "properties": {
                            "uri": {
                              "type": "string"
                            }
                          }
                        }
                      }
                    },
                    "TitleResource": {
                      "type": "object",
                      "properties": {
                        "__deferred": {
                          "type": "object",
                          "properties": {
                            "uri": {
                              "type": "string"
                            }
                          }
                        }
                      }
                    },
                    "UserCustomActions": {
                      "type": "object",
                      "properties": {
                        "__deferred": {
                          "type": "object",
                          "properties": {
                            "uri": {
                              "type": "string"
                            }
                          }
                        }
                      }
                    },
                    "Views": {
                      "type": "object",
                      "properties": {
                        "__deferred": {
                          "type": "object",
                          "properties": {
                            "uri": {
                              "type": "string"
                            }
                          }
                        }
                      }
                    },
                    "WorkflowAssociations": {
                      "type": "object",
                      "properties": {
                        "__deferred": {
                          "type": "object",
                          "properties": {
                            "uri": {
                              "type": "string"
                            }
                          }
                        }
                      }
                    },
                    "AllowContentTypes": {
                      "type": "boolean"
                    },
                    "BaseTemplate": {
                      "type": "integer"
                    },
                    "BaseType": {
                      "type": "integer"
                    },
                    "ContentTypesEnabled": {
                      "type": "boolean"
                    },
                    "CrawlNonDefaultViews": {
                      "type": "boolean"
                    },
                    "Created": {
                      "type": "string"
                    },
                    "CurrentChangeToken": {
                      "type": "object",
                      "properties": {
                        "__metadata": {
                          "type": "object",
                          "properties": {
                            "type": {
                              "type": "string"
                            }
                          }
                        },
                        "StringValue": {
                          "type": "string"
                        }
                      }
                    },
                    "DefaultContentApprovalWorkflowId": {
                      "type": "string"
                    },
                    "DefaultItemOpenUseListSetting": {
                      "type": "boolean"
                    },
                    "Description": {
                      "type": "string"
                    },
                    "Direction": {
                      "type": "string"
                    },
                    "DisableCommenting": {
                      "type": "boolean"
                    },
                    "DisableGridEditing": {
                      "type": "boolean"
                    },
                    "DocumentTemplateUrl": {},
                    "DraftVersionVisibility": {
                      "type": "integer"
                    },
                    "EnableAttachments": {
                      "type": "boolean"
                    },
                    "EnableFolderCreation": {
                      "type": "boolean"
                    },
                    "EnableMinorVersions": {
                      "type": "boolean"
                    },
                    "EnableModeration": {
                      "type": "boolean"
                    },
                    "EnableRequestSignOff": {
                      "type": "boolean"
                    },
                    "EnableVersioning": {
                      "type": "boolean"
                    },
                    "EntityTypeName": {
                      "type": "string"
                    },
                    "ExemptFromBlockDownloadOfNonViewableFiles": {
                      "type": "boolean"
                    },
                    "FileSavePostProcessingEnabled": {
                      "type": "boolean"
                    },
                    "ForceCheckout": {
                      "type": "boolean"
                    },
                    "HasExternalDataSource": {
                      "type": "boolean"
                    },
                    "Hidden": {
                      "type": "boolean"
                    },
                    "Id": {
                      "type": "string"
                    },
                    "ImagePath": {
                      "type": "object",
                      "properties": {
                        "__metadata": {
                          "type": "object",
                          "properties": {
                            "type": {
                              "type": "string"
                            }
                          }
                        },
                        "DecodedUrl": {
                          "type": "string"
                        }
                      }
                    },
                    "ImageUrl": {
                      "type": "string"
                    },
                    "DefaultSensitivityLabelForLibrary": {
                      "type": "string"
                    },
                    "IrmEnabled": {
                      "type": "boolean"
                    },
                    "IrmExpire": {
                      "type": "boolean"
                    },
                    "IrmReject": {
                      "type": "boolean"
                    },
                    "IsApplicationList": {
                      "type": "boolean"
                    },
                    "IsCatalog": {
                      "type": "boolean"
                    },
                    "IsPrivate": {
                      "type": "boolean"
                    },
                    "ItemCount": {
                      "type": "integer"
                    },
                    "LastItemDeletedDate": {
                      "type": "string"
                    },
                    "LastItemModifiedDate": {
                      "type": "string"
                    },
                    "LastItemUserModifiedDate": {
                      "type": "string"
                    },
                    "ListExperienceOptions": {
                      "type": "integer"
                    },
                    "ListItemEntityTypeFullName": {
                      "type": "string"
                    },
                    "MajorVersionLimit": {
                      "type": "integer"
                    },
                    "MajorWithMinorVersionsLimit": {
                      "type": "integer"
                    },
                    "MultipleDataList": {
                      "type": "boolean"
                    },
                    "NoCrawl": {
                      "type": "boolean"
                    },
                    "ParentWebPath": {
                      "type": "object",
                      "properties": {
                        "__metadata": {
                          "type": "object",
                          "properties": {
                            "type": {
                              "type": "string"
                            }
                          }
                        },
                        "DecodedUrl": {
                          "type": "string"
                        }
                      }
                    },
                    "ParentWebUrl": {
                      "type": "string"
                    },
                    "ParserDisabled": {
                      "type": "boolean"
                    },
                    "ServerTemplateCanCreateFolders": {
                      "type": "boolean"
                    },
                    "TemplateFeatureId": {
                      "type": "string"
                    },
                    "Title": {
                      "type": "string"
                    }
                  }
                }
              }
            }
          }
        }
      }
    }
  },
  "schemaVersion": "1.0.0.0"
}