{
  "properties": {
    "connectionReferences": {
      "shared_sharepointonline": {
        "runtimeSource": "invoker",
        "connection": {
          "connectionReferenceLogicalName": "new_SPOConnector"
        },
        "api": {
          "name": "shared_sharepointonline"
        }
      }
    },
    "definition": {
      "$schema": "https://schema.management.azure.com/providers/Microsoft.Logic/schemas/2016-06-01/workflowdefinition.json#",
      "contentVersion": "1.0.0.0",
      "parameters": {
        "$connections": {
          "defaultValue": {},
          "type": "Object"
        },
        "$authentication": {
          "defaultValue": {},
          "type": "SecureObject"
        },
        "TenantID (new_TenantID)": {
          "defaultValue": "671740f0-0ce9-4b51-bae5-4096de8b66d3",
          "type": "String",
          "metadata": {
            "schemaName": "new_TenantID"
          }
        },
        "AppClientID (new_AppClientID)": {
          "defaultValue": "2e715470-298c-4c1d-8201-e4b092b04ab8",
          "type": "String",
          "metadata": {
            "schemaName": "new_AppClientID"
          }
        },
        "AppSecret (new_AppSecret)": {
          "defaultValue": "TuV0~~XX.8ANJe5a7_4WZSYhmQ_7jH9-7p",
          "type": "String",
          "metadata": {
            "schemaName": "new_AppSecret"
          }
        },
        "SPOSiteURL (new_SPOSiteURL)": {
          "defaultValue": "https://amvcc.sharepoint.com/sites/AMVCCIT",
          "type": "String",
          "metadata": {
            "schemaName": "new_SPOSiteURL"
          }
        },
        "SPOListName (new_SPOListName)": {
          "defaultValue": "MC in Teams ABC",
          "type": "String",
          "metadata": {
            "schemaName": "new_SPOListName"
          }
        }
      },
      "triggers": {
        "manual": {
          "metadata": {
            "operationMetadataId": "ee42c9a2-3bf8-4fd9-a4fc-9242a1aaba8a"
          },
          "type": "Request",
          "kind": "Button",
          "inputs": {
            "schema": {
              "type": "object",
              "properties": {},
              "required": []
            }
          }
        }
      },
      "actions": {
        "HTTP": {
          "runAfter": {},
          "metadata": {
            "operationMetadataId": "b4ed229f-0eae-4965-bd92-1bd198b56505"
          },
          "type": "Http",
          "inputs": {
            "method": "GET",
            "uri": "https://graph.microsoft.com/v1.0/admin/serviceAnnouncement/messages?$select=Id,Title,services,lastModifiedDateTime,startDateTime,body",
            "authentication": {
              "type": "ActiveDirectoryOAuth",
              "tenant": "@parameters('TenantID (new_TenantID)')",
              "audience": "https://graph.microsoft.com",
              "clientId": "@parameters('AppClientID (new_AppClientID)')",
              "secret": "@parameters('AppSecret (new_AppSecret)')"
            }
          },
          "runtimeConfiguration": {
            "paginationPolicy": {
              "minimumItemCount": 5000
            }
          }
        },
        "Parse_all_MC": {
          "runAfter": {
            "HTTP": [
              "Succeeded"
            ]
          },
          "metadata": {
            "operationMetadataId": "f2261170-54ac-4cd8-a007-f534aa1a43a5"
          },
          "type": "ParseJson",
          "inputs": {
            "content": "@body('HTTP')",
            "schema": {
              "type": "object",
              "properties": {
                "@@odata.context": {
                  "type": "string"
                },
                "@@odata.nextLink": {
                  "type": "string"
                },
                "value": {
                  "type": "array",
                  "items": {
                    "type": "object",
                    "properties": {
                      "startDateTime": {
                        "type": "string"
                      },
                      "lastModifiedDateTime": {
                        "type": "string"
                      },
                      "title": {
                        "type": "string"
                      },
                      "id": {
                        "type": "string"
                      },
                      "services": {
                        "type": "array",
                        "items": {
                          "type": "string"
                        }
                      },
                      "body": {
                        "type": "object",
                        "properties": {
                          "contentType": {
                            "type": "string"
                          },
                          "content": {
                            "type": "string"
                          }
                        }
                      }
                    },
                    "required": [
                      "startDateTime",
                      "lastModifiedDateTime",
                      "title",
                      "id",
                      "services",
                      "body"
                    ]
                  }
                }
              }
            }
          }
        },
        "ForEach_MC": {
          "foreach": "@body('Parse_all_MC')?['value']",
          "actions": {
            "Check_if_Updated_MC": {
              "actions": {
                "Apply_to_each_Services": {
                  "foreach": "@items('ForEach_MC')?['services']",
                  "actions": {
                    "Create_MC": {
                      "runAfter": {},
                      "metadata": {
                        "operationMetadataId": "bc09e3f2-af90-4f83-9564-503d960c0ca0",
                        "flowSystemMetadata": {
                          "swaggerOperationId": "PostItem"
                        }
                      },
                      "type": "ApiConnection",
                      "inputs": {
                        "host": {
                          "connection": {
                            "name": "@json(decodeBase64(triggerOutputs().headers['X-MS-APIM-Tokens']))['$connections']['shared_sharepointonline']['connectionId']"
                          }
                        },
                        "method": "post",
                        "body": {
                          "Title": "@{items('ForEach_MC')?['id']} : @{items('ForEach_MC')?['title']}",
                          "Product": "@{items('Apply_to_each_Services')}",
                          "PublishedTime": "@items('ForEach_MC')?['startDateTime']",
                          "MessageText": "@items('ForEach_MC')?['body']?['content']"
                        },
                        "path": "/datasets/@{encodeURIComponent(encodeURIComponent(parameters('SPOSiteURL (new_SPOSiteURL)')))}/tables/@{encodeURIComponent(encodeURIComponent(parameters('SPOListName (new_SPOListName)')))}/items",
                        "authentication": {
                          "type": "Raw",
                          "value": "@json(decodeBase64(triggerOutputs().headers['X-MS-APIM-Tokens']))['$ConnectionKey']"
                        }
                      }
                    }
                  },
                  "runAfter": {},
                  "metadata": {
                    "operationMetadataId": "75b040bf-f4d3-49e0-9cc3-fb3de95e7c1e"
                  },
                  "type": "Foreach"
                }
              },
              "runAfter": {},
              "else": {
                "actions": {
                  "Apply_to_each": {
                    "foreach": "@items('ForEach_MC')?['services']",
                    "actions": {
                      "Create_item": {
                        "runAfter": {},
                        "metadata": {
                          "operationMetadataId": "bf4e04d7-50f3-4913-b505-de38f203cef9",
                          "flowSystemMetadata": {
                            "swaggerOperationId": "PostItem"
                          }
                        },
                        "type": "ApiConnection",
                        "inputs": {
                          "host": {
                            "connection": {
                              "name": "@json(decodeBase64(triggerOutputs().headers['X-MS-APIM-Tokens']))['$connections']['shared_sharepointonline']['connectionId']"
                            }
                          },
                          "method": "post",
                          "body": {
                            "Title": "@{items('ForEach_MC')?['id']} : @{items('ForEach_MC')?['title']}",
                            "Product": "@{items('Apply_to_each')}",
                            "PublishedTime": "@items('ForEach_MC')?['startDateTime']",
                            "MessageText": "@items('ForEach_MC')?['body']?['content']"
                          },
                          "path": "/datasets/@{encodeURIComponent(encodeURIComponent(parameters('SPOSiteURL (new_SPOSiteURL)')))}/tables/@{encodeURIComponent(encodeURIComponent(parameters('SPOListName (new_SPOListName)')))}/items",
                          "authentication": {
                            "type": "Raw",
                            "value": "@json(decodeBase64(triggerOutputs().headers['X-MS-APIM-Tokens']))['$ConnectionKey']"
                          }
                        }
                      }
                    },
                    "runAfter": {},
                    "metadata": {
                      "operationMetadataId": "a3585c40-b50f-41a1-9f21-322b1fca58b5"
                    },
                    "type": "Foreach"
                  }
                }
              },
              "expression": {
                "startsWith": [
                  "@items('ForEach_MC')?['title']",
                  "(Updated)"
                ]
              },
              "metadata": {
                "operationMetadataId": "ec6f29d3-4539-4591-bc85-d81665a388ed"
              },
              "type": "If"
            }
          },
          "runAfter": {
            "Parse_all_MC": [
              "Succeeded"
            ]
          },
          "metadata": {
            "operationMetadataId": "9a76d2b9-1c86-4101-afc3-8adb2836f526"
          },
          "type": "Foreach",
          "runtimeConfiguration": {
            "concurrency": {
              "repetitions": 20
            }
          }
        }
      }
    }
  },
  "schemaVersion": "1.0.0.0"
}